Source,Site,Lat,Long,Sample Start Year,Sample End Year,Currently Sampling?,Notes
DERM,AC01,25.90034,-80.14333,2015,2021,Y,
DERM,AC03,25.90155,-80.16286,2015,2021,Y,
DERM,AC06,25.90653,-80.16383,2015,2021,Y,
DERM,AR03,25.28751,-80.44191,2015,2021,Y,
DERM,BB02,25.94488,-80.12777,2015,2021,Y,
DERM,BB04,25.91768,-80.12577,2015,2021,Y,
DERM,BB05A,25.90134,-80.14173,2015,2021,Y,
DERM,BB08,25.86421,-80.17082,2018,2021,Y,
DERM,BB09,25.87138,-80.15507,2015,2021,Y,
DERM,BB10,25.86958,-80.14387,2018,2021,Y,
DERM,BB11,25.84648,-80.16697,2015,2021,Y,
DERM,BB14,25.83008,-80.15857,2015,2021,Y,
DERM,BB15A,25.81522,-80.17550,2018,2021,Y,
DERM,BB17,25.80268,-80.16597,2015,2021,Y,
DERM,BB18,25.78702,-80.16360,2018,2021,Y,
DERM,BB22,25.75628,-80.17427,2015,2021,Y,
DERM,BB24,25.76658,-80.14057,2015,2021,Y,
DERM,BB26,25.74778,-80.18507,2019,2021,Y,
DERM,BB28,25.72918,-80.16027,2020,2021,Y,
DERM,BB31,25.69378,-80.20757,2015,2021,Y,
DERM,BB32,25.68568,-80.18357,2020,2021,Y,
DERM,BB34,25.65149,-80.25908,2015,2021,Y,
DERM,BB37,25.57069,-80.19177,2015,2021,Y,
DERM,BB38,25.51969,-80.23938,2015,2021,Y,
DERM,BB39A,25.52644,-80.30706,2015,2021,Y,
DERM,BB41,25.47269,-80.28448,2015,2021,Y,
DERM,BB47,25.33680,-80.32008,2015,2021,Y,
DERM,BB48,25.30874,-80.34910,2018,2021,Y,
DERM,BB50,25.22990,-80.37678,2015,2021,Y,
DERM,BB51,25.25150,-80.41408,2015,2021,Y,
DERM,BB52,25.56461,-80.30485,2015,2021,Y,
DERM,BB53,25.50249,-80.33229,2015,2021,Y,
DERM,BBKB1,25.69801,-80.17428,2020,2021,Y,
DERM,BBMB1,25.78146,-80.14577,2017,2021,Y,
DERM,BBMB2,25.80345,-80.14515,2018,2021,Y,
DERM,BBMB3,25.82609,-80.13383,2018,2021,Y,
DERM,BBMB4,25.84652,-80.12764,2021,2021,Y,
DERM,BISC101,25.47872,-80.32061,2015,2021,Y,
DERM,BISC121,25.35540,-80.29144,2015,2021,Y,
DERM,BISC122,25.41373,-80.29478,2015,2021,Y,
DERM,BISC127,25.63039,-80.24978,2015,2021,Y,
DERM,BL01,25.53589,-80.32538,2015,2021,Y,
DERM,BL02,25.54119,-80.32848,2015,2021,Y,
DERM,BL03,25.54883,-80.34763,2015,2021,Y,
DERM,BL06,25.59643,-80.41304,2018,2021,Y,
DERM,BL12,25.66096,-80.48042,2015,2021,Y,
DERM,BS01,25.87173,-80.16474,2015,2021,Y,
DERM,BS04,25.87378,-80.18174,2015,2021,Y,
DERM,BS10,25.91849,-80.32473,2015,2021,Y,
DERM,BS11,25.92788,-80.35813,2018,2021,Y,
DERM,CD01A,25.61047,-80.30354,2015,2021,Y,
DERM,CD02,25.61060,-80.31013,2015,2021,Y,
DERM,CD05,25.62373,-80.34327,2015,2021,Y,
DERM,CD09,25.66543,-80.40849,2015,2021,Y,
DERM,CG01,25.70368,-80.24638,2015,2021,Y,
DERM,CG02A,25.71206,-80.27937,2020,2021,Y,
DERM,CG07,25.74111,-80.31065,2015,2021,Y,
DERM,CM02,25.78347,-80.24023,2015,2021,Y,
DERM,FC03,25.44821,-80.36724,2015,2021,Y,
DERM,FC16,25.44790,-80.46874,2020,2020,N,
DERM,GL02,25.53738,-80.33261,2015,2021,Y,
DERM,GL03,25.53709,-80.34374,2015,2021,Y,
DERM,L31E1,25.49152,-80.34708,2015,2021,Y,
DERM,LR01,25.84471,-80.17356,2015,2021,Y,
DERM,LR05,25.87149,-80.23404,2015,2021,Y,
DERM,LR06,25.85353,-80.19291,2015,2021,Y,
DERM,LR08,25.87036,-80.29064,2015,2021,Y,
DERM,LR10,25.86945,-80.33877,2015,2021,Y,
DERM,MI01,25.48961,-80.33826,2015,2021,Y,
DERM,MI02,25.48951,-80.34705,2015,2021,Y,
DERM,MI03,25.48930,-80.36349,2015,2021,Y,
DERM,MR01,25.77035,-80.18726,2015,2021,Y,
DERM,MR03,25.77872,-80.20724,2015,2021,Y,
DERM,MR05,25.78645,-80.22668,2015,2021,Y,
DERM,MR07,25.80728,-80.26018,2015,2021,Y,
DERM,MR08,25.81021,-80.26413,2015,2021,Y,
DERM,MR15,25.89582,-80.37946,2015,2021,Y,
DERM,MW01,25.47032,-80.34028,2015,2021,Y,
DERM,MW04,25.47120,-80.37944,2015,2021,Y,
DERM,MW05,25.52140,-80.44334,2015,2021,Y,
DERM,MW13,25.51707,-80.54264,2015,2021,Y,
DERM,NO07A,25.46293,-80.40386,2015,2021,Y,
DERM,OL03,25.96374,-80.15013,2015,2021,Y,
DERM,PR01,25.51919,-80.33110,2015,2021,Y,
DERM,PR03,25.51953,-80.36384,2015,2021,Y,
DERM,PR04A,25.53676,-80.38939,2015,2021,Y,
DERM,PR08,25.58709,-80.51081,2015,2021,Y,
DERM,SK01,25.92913,-80.15088,2015,2021,Y,
DERM,SK02,25.92903,-80.15262,2015,2021,Y,
DERM,SK05,25.95970,-80.20594,2018,2021,Y,
DERM,SK09,25.96424,-80.31059,2015,2021,Y,
DERM,SK10,25.95685,-80.43061,2018,2021,Y,
DERM,SP01,25.65789,-80.26832,2015,2021,Y,
DERM,SP04,25.67374,-80.28406,2015,2021,Y,
DERM,SP08,25.71508,-80.38297,2015,2021,Y,
DERM,TM02,25.79436,-80.25602,2015,2021,Y,
DERM,TM03A,25.79388,-80.26235,2015,2021,Y,
DERM,TM05,25.76351,-80.31912,2015,2021,Y,
DERM,TM08,25.76131,-80.48112,2015,2021,Y,
DERM,WC02,25.78375,-80.20970,2015,2021,Y,
DERM,WC03,25.78750,-80.21467,2015,2021,Y,
DERM,WC04,25.79461,-80.22166,2015,2021,Y,
DEP ECA,STL161,27.16531,-80.16313,2016,2021,Y,
DEP ECA,STL162,27.16252,-80.14866,2016,2021,Y,
DEP ECA,STL163,27.16703,-80.14412,2016,2021,Y,
DEP ECA,STL164,27.17117,-80.15104,2016,2021,Y,
DEP ECA,STL165,27.17298,-80.14978,2016,2021,Y,
DEP ECA,STL166,27.16066,-80.14328,2016,2021,Y,
DEP ECA,STL167,27.09932,-80.12447,2016,2021,Y,
DEP ECA,STL168,27.12218,-80.12798,2016,2021,Y,
DEP ECA,STL169,27.15402,-80.14882,2016,2021,Y,
DEP ECA,STL170,27.13447,-80.13192,2016,2021,Y,
DEP ECA,STL171,27.15983,-80.14485,2016,2021,Y,
DEP ECA,STL172,27.12525,-80.12983,2016,2021,Y,
DEP ECA,JUP120,26.94380,-80.06911,2016,2021,Y,
DEP ECA,JUP121,26.94831,-80.06911,2016,2021,Y,
DEP ECA,JUP122,26.93929,-80.06911,2016,2021,Y,
DEP ECA,JUP123,26.94380,-80.06407,2016,2021,Y,
DEP ECA,JUP124,26.99485,-80.06685,2016,2021,Y,
DEP ECA,JUP125,27.00192,-80.06595,2016,2021,Y,
DEP ECA,JUP126,27.01158,-80.06780,2016,2021,Y,
DEP ECA,JUP127,27.01775,-80.07292,2016,2021,Y,
DEP ECA,JUP128,27.02357,-80.06655,2016,2021,Y,
DEP ECA,JUP129,27.01597,-80.06595,2016,2021,Y,
DEP ECA,ILW110,26.77245,-80.03038,2016,2021,Y,
DEP ECA,ILW111,26.77696,-80.03038,2016,2021,Y,
DEP ECA,ILW112,26.76794,-80.03038,2016,2021,Y,
DEP ECA,ILW113,26.77245,-80.02535,2016,2021,Y,
DEP ECA,ILW114,26.69742,-80.03040,2016,2021,Y,
DEP ECA,ILW115,26.70405,-80.03025,2016,2021,Y,
DEP ECA,ILW116,26.72168,-80.03150,2016,2021,Y,
DEP ECA,ILW117,26.69870,-80.01652,2016,2021,Y,
DEP ECA,ILW118,26.69683,-80.03033,2016,2021,Y,
DEP ECA,ILW119,26.69947,-80.03013,2016,2021,Y,
DEP ECA,BOY090,26.54417,-80.04057,2016,2021,Y,
DEP ECA,BOY091,26.54502,-80.03560,2016,2021,Y,
DEP ECA,BOY092,26.54954,-80.04058,2016,2021,Y,
DEP ECA,BOY093,26.54051,-80.04058,2016,2021,Y,
DEP ECA,BOY094,26.56462,-80.02833,2016,2021,Y,
DEP ECA,BOY095,26.48942,-80.03825,2016,2021,Y,
DEP ECA,BOY096,26.58862,-80.02467,2016,2021,Y,
DEP ECA,BOY097,26.50847,-80.03367,2016,2021,Y,
DEP ECA,BOY098,26.42242,-80.05043,2016,2021,Y,
DEP ECA,BOY099,26.44222,-80.04742,2016,2021,Y,
DEP ECA,BOY100,26.60867,-80.02317,2016,2021,Y,
DEP ECA,BOY101,26.55160,-80.03083,2016,2021,Y,
DEP ECA,BOC070,26.33576,-80.06939,2016,2021,Y,
DEP ECA,BOC071,26.34027,-80.06939,2016,2021,Y,
DEP ECA,BOC072,26.33125,-80.06939,2016,2021,Y,
DEP ECA,BOC073,26.33576,-80.06438,2016,2021,Y,
DEP ECA,BOC074,26.32565,-80.07222,2016,2021,Y,
DEP ECA,BOC075,26.29860,-80.07468,2016,2021,Y,
DEP ECA,BOC076,26.33692,-80.06468,2016,2021,Y,
DEP ECA,BOC077,26.30943,-80.07405,2016,2021,Y,
DEP ECA,BOC078,26.30772,-80.07425,2016,2021,Y,
DEP ECA,BOC079,26.31207,-80.07383,2016,2021,Y,
DEP ECA,BOC080,26.35000,-80.05444,2016,2021,Y,
DEP ECA,BOC081,26.35000,-80.04943,2016,2021,Y,
DEP ECA,BOC082,26.35451,-80.05444,2016,2021,Y,
DEP ECA,BOC083,26.34549,-80.05444,2016,2021,Y,
DEP ECA,HIL050,26.25659,-80.08020,2016,2021,Y,
DEP ECA,HIL051,26.26111,-80.08020,2016,2021,Y,
DEP ECA,HIL052,26.25208,-80.08020,2016,2021,Y,
DEP ECA,HIL053,26.25659,-80.07519,2016,2021,Y,
DEP ECA,HIL054,26.28915,-80.07512,2016,2021,Y,
DEP ECA,HIL055,26.21693,-80.08620,2016,2021,Y,
DEP ECA,HIL056,26.22868,-80.08382,2016,2021,Y,
DEP ECA,HIL057,26.24787,-80.07822,2016,2021,Y,
DEP ECA,HIL058,26.19612,-80.09100,2016,2021,Y,
DEP ECA,HIL059,26.25617,-80.07692,2016,2021,Y,
DEP ECA,HIL060,26.25400,-80.06210,2016,2021,Y,
DEP ECA,HIL061,26.25851,-80.06210,2016,2021,Y,
DEP ECA,HIL062,26.24949,-80.06210,2016,2021,Y,
DEP ECA,HIL063,26.25400,-80.05710,2016,2021,Y,
DEP ECA,PEV040,26.09301,-80.09733,2016,2021,Y,
DEP ECA,PEV041,26.09752,-80.09733,2016,2021,Y,
DEP ECA,PEV042,26.08849,-80.09733,2016,2021,Y,
DEP ECA,PEV043,26.09301,-80.09234,2016,2021,Y,
DEP ECA,PEV044,26.15998,-80.09028,2016,2021,Y,
DEP ECA,PEV045,26.11207,-80.09883,2016,2021,Y,
DEP ECA,PEV046,26.02060,-80.11190,2016,2021,Y,
DEP ECA,PEV047,26.14840,-80.09520,2016,2021,Y,
DEP ECA,PEV048,25.97240,-80.10980,2016,2021,Y,
DEP ECA,PEV049,25.95423,-80.10117,2016,2021,Y,
DEP ECA,PEV050,26.01630,-80.08700,2016,2021,Y,
DEP ECA,PEV051,26.02081,-80.08700,2016,2021,Y,
DEP ECA,PEV052,26.01179,-80.08700,2016,2021,Y,
DEP ECA,PEV053,26.01630,-80.08200,2016,2021,Y,
DEP ECA,BAK020,25.90000,-80.11971,2016,2021,Y,
DEP ECA,BAK021,25.90451,-80.11971,2016,2021,Y,
DEP ECA,BAK022,25.89549,-80.11971,2016,2021,Y,
DEP ECA,BAK023,25.90000,-80.11472,2016,2021,Y,
DEP ECA,BAK024,25.87298,-80.10450,2016,2021,Y,
DEP ECA,BAK025,25.88526,-80.11218,2016,2021,Y,
DEP ECA,BAK026,25.87570,-80.10497,2016,2021,Y,
DEP ECA,BAK027,25.86261,-80.10401,2016,2021,Y,
DEP ECA,BAK028,25.95145,-80.10287,2016,2021,Y,
DEP ECA,BAK029,25.93450,-80.10250,2016,2021,Y,
DEP ECA,BAK030,25.92075,-80.08608,2016,2021,Y,
DEP ECA,BAK031,25.92525,-80.08608,2016,2021,Y,
DEP ECA,BAK032,25.91490,-80.08608,2016,2021,Y,
DEP ECA,BAK033,25.92075,-80.08108,2016,2021,Y,
DEP ECA,GOC001,25.75649,-80.12843,2016,2021,Y,
DEP ECA,GOC002,25.76100,-80.12843,2016,2021,Y,
DEP ECA,GOC003,25.76026,-80.12362,2016,2021,Y,
DEP ECA,GOC004,25.76551,-80.12843,2016,2021,Y,
DEP ECA,GOC005,25.84455,-80.10415,2016,2021,Y,
DEP ECA,GOC006,25.73414,-80.10024,2016,2021,Y,
DEP ECA,GOC007,25.84637,-80.10323,2016,2021,Y,
DEP ECA,GOC008,25.83518,-80.10928,2016,2021,Y,
DEP ECA,GOC009,25.66822,-80.09874,2016,2021,Y,
DEP ECA,GOC010,25.65916,-80.09482,2016,2021,Y,
DEP ECA,GOC011,25.71883,-80.10008,2016,2021,Y,
DEP ECA,GOC012,25.73743,-80.08611,2016,2021,Y,
DEP ECA,GOC013,25.74194,-80.08113,2016,2021,Y,
DEP ECA,GOC014,25.74194,-80.08611,2016,2021,Y,
DEP ECA,GOC015,25.74646,-80.08611,2016,2021,Y,
AOML,1,25.64471,-80.12467,1998,2021,Y,
AOML,2,25.64216,-80.10500,1998,2021,Y,
AOML,3,25.64473,-80.08328,1998,2021,Y,
AOML,4,25.10797,-80.37880,1998,2021,Y,
AOML,5,25.09328,-80.35502,1998,2021,Y,
AOML,5.5,25.07906,-80.33285,2000,2021,Y,
AOML,6,25.06454,-80.31509,1998,2021,Y,
AOML,6.5,25.04908,-80.28745,2000,2021,Y,
AOML,6.75,24.99530,-80.22923,2009,2010,N,
AOML,7,24.81805,-80.75501,1998,2021,Y,
AOML,8,24.79294,-80.74245,1998,2021,Y,
AOML,9,24.76310,-80.72383,1998,2021,Y,
AOML,9.5,24.71692,-80.68993,2000,2021,Y,
AOML,9.6,24.66345,-80.65755,2015,2015,N,
AOML,9.7,24.58297,-80.61035,2015,2015,N,
AOML,9.8,24.46650,-80.52596,2015,2015,N,
AOML,10,24.78584,-80.86107,1998,2021,Y,
AOML,11,24.75334,-80.84680,1998,2021,Y,
AOML,12,24.71352,-80.83208,1998,2021,Y,
AOML,13,24.70063,-81.02943,1998,2021,Y,
AOML,14,24.67503,-81.02365,1998,2021,Y,
AOML,15,24.64356,-81.01652,1998,2021,Y,
AOML,15.5,24.59211,-80.99083,2000,2021,Y,
AOML,16,24.67200,-81.20365,1998,2021,Y,
AOML,17,24.63542,-81.19364,1998,2021,Y,
AOML,18,24.59765,-81.18335,1998,2021,Y,
AOML,19,24.61764,-81.41991,1998,2021,Y,
AOML,20,24.57337,-81.41873,1998,2021,Y,
AOML,20.5,24.54755,-81.41413,2009,2009,N,
AOML,21,24.53778,-81.41330,1998,2021,Y,
AOML,21.5,24.48338,-81.39153,1999,2021,Y,
AOML,22,24.45507,-81.82838,1998,2021,Y,
AOML,22.5,24.39731,-81.82847,2000,2021,Y,
AOML,23,24.48662,-81.82829,1998,2021,Y,
AOML,24,24.53648,-81.82828,1998,2021,Y,
AOML,25,24.39318,-82.76735,1998,2021,Y,
AOML,25.5,24.28634,-82.76676,2000,2012,N,
AOML,26,24.49324,-82.76856,1998,2009,N,
AOML,27,24.58982,-82.76899,1998,2009,N,
AOML,28,24.72807,-82.74846,1998,2012,N,
AOML,28.5,24.89995,-82.61663,1998,2012,N,
AOML,29,25.06342,-82.47914,1998,2012,N,
AOML,29.5,25.22672,-82.34986,1998,2012,N,
AOML,30,25.40170,-82.20996,2015,2021,Y,
AOML,30.5,25.57176,-82.07516,1998,2021,Y,
AOML,31,25.74150,-81.94335,1998,2021,Y,
AOML,32,25.87306,-81.83333,1998,2021,Y,
AOML,33,25.91147,-81.80032,1998,2021,Y,
AOML,34,25.94912,-81.76797,1998,2021,Y,
AOML,35,26.22318,-81.84185,1998,2001,N,
AOML,36,26.20186,-81.90166,1998,2001,N,
AOML,37,26.18316,-81.97642,1998,2001,N,
AOML,38,26.15831,-82.05825,1998,2001,N,
AOML,38.5,26.12444,-82.16718,2000,2001,N,
AOML,39,25.78174,-81.48328,1998,2021,Y,
AOML,40,25.75938,-81.52353,1998,2021,Y,
AOML,41,25.73325,-81.57568,1998,2021,Y,
AOML,42,25.65503,-81.71833,1998,2021,Y,
AOML,43,25.58334,-81.85359,1998,2002,N,
AOML,44,25.58327,-81.66466,1998,2006,N,
AOML,45,25.58332,-81.47064,1998,2021,Y,
AOML,46,25.58343,-81.40865,1998,2021,Y,
AOML,47,25.58328,-81.36697,1998,2021,Y,
AOML,48,25.58326,-81.33028,1998,2021,Y,
AOML,49,25.58293,-81.29356,1998,2021,Y,
AOML,49.5,25.45328,-81.58462,2009,2009,N,
AOML,50,25.45344,-81.34959,1998,2021,Y,
AOML,51,25.45330,-81.30806,1998,2021,Y,
AOML,52,25.45335,-81.26069,1998,2021,Y,
AOML,53,25.45307,-81.22687,1998,2021,Y,
AOML,54,25.34298,-81.15467,1998,2021,Y,
AOML,55,25.34983,-81.19605,1998,2021,Y,
AOML,56,25.34991,-81.22769,1998,2021,Y,
AOML,57,25.35135,-81.26489,1998,2021,Y,
AOML,57.1,25.38530,-81.36588,2014,2021,Y,
AOML,57.2,25.35179,-81.48519,2014,2021,Y,
AOML,57.3,25.35088,-81.65354,2014,2021,Y,
AOML,58,25.16847,-81.64958,1998,2021,Y,
AOML,59,25.16660,-81.48827,1998,2021,Y,
AOML,60,25.16654,-81.33585,1998,2021,Y,
AOML,61,25.16668,-81.27483,1998,2021,Y,
AOML,62,25.16664,-81.23504,1998,2021,Y,
AOML,63,25.16657,-81.20026,1998,2021,Y,
AOML,64,25.16604,-81.15859,1998,2021,Y,
AOML,65,25.09970,-81.09469,1998,2021,Y,
AOML,66,25.06822,-81.10865,1998,2021,Y,
AOML,67,25.03012,-81.12661,1998,2021,Y,
AOML,68,24.92991,-81.16665,1998,2021,Y,
AOML,69,24.92996,-81.09501,1998,2021,Y,
AOML,70,24.92994,-81.02658,1998,2021,Y,
AOML,71,24.92992,-80.96462,1998,2014,N,
AOML,99,24.44467,-82.37033,1999,1999,N,
AOML,151,24.59983,-80.98300,1999,1999,N,
AOML,152,24.54683,-80.97450,1999,1999,N,
AOML,153,24.45667,-80.91267,1999,1999,N,
AOML,154,24.35450,-80.85367,1999,1999,N,
AOML,155,24.24700,-80.78267,1999,1999,N,
AOML,15A,24.78833,-80.86167,1998,2021,Y,Duplicate of 15
AOML,21.5/LK,24.53536,-81.41305,1998,2021,Y,Duplicate of 21.5
AOML,21.5B,24.47759,-81.39514,1998,2021,Y,Duplicate of 21.5
AOML,21/LK,24.53688,-81.41418,1998,2021,Y,Duplicate of 21
AOML,21A,24.45500,-81.40500,1998,2021,Y,Duplicate of 21
AOML,21B,24.42500,-81.41033,1998,2021,Y,Duplicate of 21
AOML,22.5A,24.33480,-81.83210,1998,2021,Y,Duplicate of 22.5
AOML,28A,24.64333,-82.07833,1998,2012,N,Duplicate of 28
AOML,29A,25.18333,-81.96000,1998,2012,N,Duplicate of 29
AOML,30A,25.37333,-81.91000,2015,2021,Y,Duplicate of 30
AOML,31A,25.58500,-81.86000,1998,2021,Y,Duplicate of 31
AOML,32A,25.81667,-81.80500,1998,2021,Y,Duplicate of 32
AOML,33A,25.89000,-81.79167,1998,2021,Y,Duplicate of 33
AOML,34A,25.95000,-81.77333,1998,2021,Y,Duplicate of 34
AOML,35A,25.73333,-81.56500,1998,2001,N,Duplicate of 35
AOML,54b,25.34291,-81.15319,1998,2021,Y,Duplicate of 54
AOML,55b,25.35040,-81.20711,1998,2021,Y,Duplicate of 55
AOML,56b,25.35019,-81.22728,1998,2021,Y,Duplicate of 56
AOML,57.1b,25.35239,-81.33581,1998,2021,Y,Duplicate of 57.1
AOML,57.2b,25.35178,-81.48936,1998,2021,Y,Duplicate of 57.2
AOML,57.3b,25.35226,-81.65445,1998,2021,Y,Duplicate of 57.3
AOML,57b,25.35177,-81.26418,1998,2021,Y,Duplicate of 57
AOML,6C,25.06680,-80.31623,1998,2021,Y,Duplicate of 6
AOML,7MB,24.70225,-81.17037,2007,2007,N,
AOML,8b,24.77417,-80.73228,1998,2021,Y,Duplicate of 8
AOML,9B,24.76023,-80.71892,1998,2021,Y,Duplicate of 9
AOML,AMI1,27.49671,-82.75086,2020,2021,Y,
AOML,AMI2,27.45523,-82.84470,2020,2021,Y,
AOML,AMI3,27.42118,-82.93803,2020,2021,Y,
AOML,AMI4,27.38254,-83.03227,2020,2021,Y,
AOML,AMI5,27.34311,-83.12794,2020,2021,Y,
AOML,AMI6,27.30479,-83.22231,2020,2021,Y,
AOML,AMI7,27.26561,-83.31537,2020,2021,Y,
AOML,AMI8,27.22817,-83.40951,2020,2021,Y,
AOML,AMI9,27.18951,-83.50283,2020,2021,Y,
AOML,BG1,26.71737,-82.25190,2020,2021,Y,
AOML,BG2,26.68853,-82.34001,2019,2021,Y,
AOML,BG3,26.66841,-82.41748,2019,2021,Y,
AOML,BG4,26.63023,-82.55661,2019,2021,Y,
AOML,BK1,24.74766,-81.94744,2015,2015,N,
AOML,Bloom,24.35483,-82.24593,2011,2011,N,
AOML,C1,26.40312,-81.95533,2000,2000,N,
AOML,C2,26.40100,-82.03210,2000,2000,N,
AOML,C3,26.38367,-82.10490,2000,2000,N,
AOML,C4,26.35833,-82.18083,2000,2000,N,
AOML,C5,26.33583,-82.28150,2000,2000,N,
AOML,CAL-A,26.32629,-82.48462,2021,2021,N,
AOML,CAL1,26.42616,-81.96007,2001,2021,Y,
AOML,CAL2,26.38327,-82.00010,2001,2021,Y,
AOML,CAL3,26.34162,-82.04376,2001,2021,Y,
AOML,CAL4,26.25710,-82.13448,2001,2021,Y,
AOML,CAL5,26.18304,-82.21682,2001,2021,Y,
AOML,CAL6,25.94022,-82.48132,2019,2021,Y,
AOML,CAL7,26.15756,-82.05422,2019,2019,N,
AOML,CAL8,26.06237,-82.04502,2019,2019,N,
AOML,Casey hole,26.48373,-82.73691,2019,2019,N,
AOML,CH1,26.71793,-82.25023,2001,2010,N,
AOML,CH2,26.66166,-82.33110,2001,2010,N,
AOML,CH3,26.55355,-82.46657,2001,2010,N,
AOML,CH4,26.47163,-82.61610,2001,2010,N,
AOML,CH4A,26.51610,-82.53942,2001,2010,N,Duplicate of CH4
AOML,CH5,26.38332,-82.76686,2001,2010,N,
AOML,CH5A,26.43022,-82.69012,2001,2010,N,Duplicate of CH5
AOML,CK1,25.73932,-81.77300,2018,2018,N,
AOML,CK2,25.64963,-82.01507,2018,2018,N,
AOML,CW1,28.01173,-82.84977,2018,2021,Y,Yearly sample
AOML,CW2,28.01753,-82.89124,2018,2021,Y,Yearly sample
AOML,CW3,28.00955,-82.96007,2018,2021,Y,Yearly sample
AOML,CW4,28.01270,-83.07924,2018,2021,Y,Yearly sample
AOML,CW5,28.01315,-83.17602,2018,2019,N,Yearly sample
AOML,CW6,28.01325,-83.27224,2018,2019,N,Yearly sample
AOML,DT1,24.69173,-82.91673,2002,2006,N,
AOML,DT10,24.55468,-82.98102,2002,2012,N,
AOML,DT11,24.61103,-82.92108,2002,2012,N,
AOML,DT12,24.41588,-83.00088,2002,2002,N,
AOML,DT13,24.48264,-82.97562,2002,2002,N,
AOML,DT14,24.54984,-82.94995,2002,2002,N,
AOML,DT2,24.69166,-83.05095,2002,2006,N,
AOML,DT3,24.69149,-83.18409,2002,2006,N,
AOML,DT4,24.69155,-83.30916,2002,2006,N,
AOML,DT5,24.56592,-83.26703,2002,2006,N,
AOML,DT6,24.43302,-83.23318,2002,2006,N,
AOML,DT7,24.29940,-83.19143,2002,2006,N,
AOML,DT8,24.38962,-83.12243,2002,2006,N,
AOML,DT9,24.47263,-83.04713,2002,2012,N,
AOML,E1,25.17827,-80.33490,2000,2002,N,
AOML,E2,25.16170,-80.30522,2000,2002,N,
AOML,E3,25.14803,-80.28314,2000,2002,N,
AOML,E4,25.13462,-80.25775,2000,2002,N,
AOML,EB1,26.92313,-82.38433,2020,2020,N,
AOML,EB2,26.92391,-82.54170,2020,2020,N,
AOML,EH07,27.48640,-83.41769,2021,2021,N,
AOML,EH08,27.32602,-83.35873,2021,2021,N,
AOML,EK IN ,25.33474,-80.22259,2014,2021,Y,Duplicate of EK_IN
AOML,EK MID,25.31364,-80.19502,2014,2021,Y,Duplicate of EK_MID
AOML,EK OFF,25.29385,-80.16102,2014,2021,Y,Duplicate of EK_OFF
AOML,EK_IN,25.33331,-80.22186,2014,2021,Y,
AOML,EK_MID,25.31416,-80.19474,2014,2021,Y,
AOML,EK_OFF,25.29570,-80.16500,2014,2021,Y,
AOML,EK-IN,25.33385,-80.22180,2014,2021,Y,Duplicate of EK_IN
AOML,EK-MID,25.31474,-80.19517,2014,2021,Y,Duplicate of EK_MID
AOML,EK-OFF,25.29580,-80.16327,2014,2021,Y,Duplicate of EK_OFF
AOML,GP1,26.80409,-82.29816,2018,2019,N,
AOML,GP1.5,26.78533,-82.30491,2020,2020,N,
AOML,GP2,26.77615,-82.35310,2018,2019,N,
AOML,GP3,26.74112,-82.42232,2018,2019,N,
AOML,GP4,26.66748,-82.55866,2018,2019,N,
AOML,GP5,26.59503,-82.69706,2018,2021,Y,
AOML,GS,25.78350,-82.73784,2021,2021,N,
AOML,Junkpile,26.48944,-82.34307,2018,2018,N,
AOML,KW1,24.65499,-81.90446,2018,2021,Y,
AOML,KW2,24.72786,-81.91753,2018,2021,Y,
AOML,KW3,24.82420,-81.95881,2018,2021,Y,
AOML,KW4,25.01274,-82.04024,2018,2021,Y,
AOML,LK,24.53594,-81.41412,1998,2021,Y,
AOML,Looe Key,24.54187,-81.40150,1998,2021,Y,
AOML,LOOP CUR,24.43000,-83.17283,2003,2003,N,
AOML,M01,25.22875,-82.13830,2018,2018,N,
AOML,M02,25.12295,-82.09995,2018,2018,N,
AOML,M03,25.04000,-82.06523,2018,2018,N,
AOML,M04,24.93940,-82.02228,2018,2018,N,
AOML,M05,24.83530,-81.97889,2018,2018,N,
AOML,MR,25.00576,-80.37471,2015,2021,Y,
AOML,MR1,24.15885,-82.54378,2004,2004,N,
AOML,MR10,24.13817,-81.82592,2004,2004,N,
AOML,MR11,24.28142,-81.82632,2004,2004,N,
AOML,MR12,24.50773,-80.95325,2004,2004,N,
AOML,MR13,24.40432,-80.90617,2004,2004,N,
AOML,MR14,24.29568,-80.85542,2004,2004,N,
AOML,MR15,24.18753,-80.80507,2004,2004,N,
AOML,MR16,24.90498,-80.05093,2004,2004,N,
AOML,MR17,24.94802,-80.12882,2004,2004,N,
AOML,MR18,24.99182,-80.19792,2004,2004,N,
AOML,MR19,25.02060,-80.24393,2004,2004,N,
AOML,MR2,23.85768,-82.59223,2004,2004,N,
AOML,MR20,25.65015,-79.84233,2004,2004,N,
AOML,MR21,24.64775,-79.94382,2004,2004,N,
AOML,MR22,25.63798,-80.02243,2004,2004,N,
AOML,MR3,24.01168,-82.97738,2004,2004,N,
AOML,MR4,24.75631,-82.33060,2004,2004,N,
AOML,MR5,24.20372,-81.90655,2004,2004,N,
AOML,MR6,24.18188,-81.87447,2004,2004,N,
AOML,MR7,24.52999,-81.41664,2004,2004,N,
AOML,MR8,23.86972,-81.74170,2004,2004,N,
AOML,MR9,23.99517,-81.82000,2004,2004,N,
AOML,Mudhole,26.24479,-82.01181,2019,2019,N,
AOML,Naples Blue hole,25.84281,-82.15190,2019,2019,N,
AOML,P1,25.01079,-80.47628,2000,2002,N,
AOML,P2,24.99767,-80.46292,2000,2002,N,
AOML,P3,24.98186,-80.44513,2000,2002,N,
AOML,P4,24.96664,-80.42782,2000,2002,N,
AOML,Red Tide,25.43637,-82.25419,2018,2018,N,
AOML,RP1,26.54631,-82.21666,2018,2021,Y,
AOML,RP2,26.55311,-82.25613,2018,2021,Y,
AOML,RP3,26.55114,-82.33190,2018,2021,Y,
AOML,RP4,26.57757,-82.49839,2018,2021,Y,
AOML,RT1,25.27283,-81.67833,2004,2004,N,
AOML,RT2,25.35333,-81.62000,2004,2004,N,
AOML,RT3,25.34767,-81.44333,2004,2004,N,
AOML,RT4,25.58282,-81.40077,2004,2004,N,
AOML,TB-A,27.67788,-82.86931,2021,2021,N,
AOML,TB-B,27.60531,-82.86894,2021,2021,N,
AOML,TB-C,27.52878,-82.85805,2021,2021,N,
AOML,TB1,27.51962,-82.90410,2018,2021,Y,
AOML,TB1-RECAST,27.80114,-82.88174,2018,2021,Y,Duplicate of TB1
AOML,TB10,27.61642,-83.48825,2019,2021,Y,
AOML,TB11,27.61786,-83.67864,2019,2020,N,
AOML,TB12,27.61901,-83.86587,2019,2019,N,
AOML,TB13,27.61627,-84.06239,2019,2019,N,
AOML,TB2,27.48485,-82.93732,2018,2021,Y,
AOML,TB3,27.67201,-83.00026,2018,2021,Y,
AOML,TB4,27.61774,-83.13396,2018,2021,Y,
AOML,TB5,27.61772,-83.29923,2018,2021,Y,
AOML,TB6,27.84029,-82.85710,2018,2021,Y,
AOML,TB7,27.83867,-82.94294,2018,2019,N,
AOML,TB8,27.84320,-83.02690,2018,2019,N,
AOML,TB9,27.83853,-83.13361,2018,2019,N,
AOML,UK IN,24.93207,-80.56213,2014,2021,Y,Duplicate of UK_IN
AOML,UK MID,24.92044,-80.54704,2014,2021,Y,Duplicate of UK_MID
AOML,UK OFF,24.89811,-80.52975,2014,2021,Y,Duplicate of UK_OFF
AOML,UK_IN,24.93497,-80.56543,2014,2021,Y,
AOML,UK_MID,24.91907,-80.54634,2014,2021,Y,
AOML,UK_OFF,24.89836,-80.52975,2014,2021,Y,
AOML,UK-IN,24.93415,-80.56378,2014,2021,Y,Duplicate of UK_IN
AOML,UK-MID,24.91785,-80.54560,2014,2021,Y,Duplicate of UK_MID
AOML,UK-OFF,24.89915,-80.52578,2014,2021,Y,Duplicate of UK_OFF
AOML,V1,27.11017,-82.47927,2019,2021,Y,
AOML,V10,26.62360,-83.24455,2019,2019,N,
AOML,V11,26.51905,-83.40992,2019,2019,N,
AOML,V2,27.07183,-82.54703,2019,2021,Y,
AOML,V3,27.03276,-82.61731,2019,2021,Y,
AOML,V4,26.99384,-82.68399,2019,2021,Y,
AOML,V5,26.95492,-82.75236,2019,2021,Y,
AOML,V6,26.91633,-82.82115,2019,2021,Y,
AOML,V7,26.87695,-82.88924,2019,2021,Y,
AOML,V8,26.83214,-82.95781,2019,2021,Y,
AOML,V9,26.72951,-83.10320,2019,2021,Y,
AOML,WS,24.47608,-81.71606,2015,2021,Y,
AOML,Z03-027,25.10607,-81.78501,2018,2018,N,
AOML,Z03-076,25.30048,-82.18015,2018,2018,N,
AOML,Z03-116,25.37754,-81.91127,2018,2018,N,
AOML,Z03-146,25.57538,-82.01030,2018,2018,N,
AOML,Z03-198,25.59306,-81.97963,2018,2018,N,
AOML,Z04-067,26.41687,-82.39569,2018,2018,N,
AOML,Z04-068,26.42486,-82.31560,2018,2018,N,
AOML,Z04-093,26.52143,-82.28226,2018,2018,N,
AOML,Z04-099,26.58338,-82.73864,2018,2018,N,
AOML,Z04-110,26.60709,-82.46783,2018,2018,N,
AOML,Z04-610,26.63794,-82.58924,2018,2018,N,
SERC,Ajax Reef,25.41498,-80.14300,1995,2021,Y,
SERC,Alligator Reef,24.83265,-80.64907,1995,2021,Y,
SERC,Alligator Reef #2,24.85300,-80.62200,1997,2021,Y,
SERC,Alligator Shoal,24.85970,-80.66240,1995,2011,N,
SERC,American Shoal,24.53008,-81.48730,1995,2021,Y,
SERC,American Shoal Channel,24.58386,-81.49738,1995,2011,N,
SERC,Aquarius,24.94677,-80.45947,1995,2021,Y,
SERC,Arsenic Bank,24.86667,-80.88500,1995,2021,Y,
SERC,Bahia Honda Channel,24.62168,-81.24308,1995,2021,Y,
SERC,Bahia Honda Key,24.65792,-81.26502,1995,2021,Y,
SERC,Bahia Honda Offshore,24.58497,-81.23408,1995,2021,Y,
SERC,Bamboo Banks,24.84667,-81.00833,1995,2021,Y,
SERC,Bamboo Key,24.77775,-81.03300,1995,2021,Y,
SERC,Bethel Bank,24.73753,-81.10930,1995,2011,N,
SERC,Big Pine Bay,24.69309,-81.35463,2011,2021,Y,
SERC,Big Pine Channel,24.59323,-81.32422,1995,2011,N,
SERC,Big Pine Shoal,24.57037,-81.32167,1995,2021,Y,
SERC,Blackwood Dr,24.92050,-80.63477,2011,2021,Y,
SERC,Bluefish Bank,24.86267,-81.21623,1995,2021,Y,
SERC,Bluefish Channel,24.75043,-81.43578,1995,2021,Y,
SERC,Boca Chica Channel,24.54167,-81.75000,1995,2011,N,
SERC,Boca Chica Key,24.55667,-81.66667,1995,2021,Y,
SERC,Boca Chica Mid,24.52143,-81.74422,1995,2021,Y,
SERC,Bogie Channel,24.68737,-81.34182,1995,2011,N,
SERC,Bowles Bank,25.49380,-80.15010,1995,2011,N,
SERC,Bullard Bank,24.81682,-81.14678,1995,2021,Y,
SERC,Bullfrog Banks,24.85163,-81.35123,1995,2021,Y,
SERC,Calda Channel,24.63325,-81.82827,1995,2021,Y,
SERC,Calusa Park Marina,25.11053,-80.43421,2011,2021,Y,
SERC,Carysfort Channel,25.23667,-80.28897,1995,2021,Y,
SERC,Carysfort Reef,25.22000,-80.21700,1997,2021,Y,
SERC,Channel Key,24.58570,-81.72272,1995,2021,Y,
SERC,Channel Key Pass,24.80998,-80.92028,1995,2021,Y,
SERC,Cocoanut Key,24.74077,-81.21118,1995,2011,N,
SERC,Coffins Patch Channel,24.69167,-80.96667,1997,2021,Y,
SERC,Coffins Patch Offshore,24.67500,-80.95830,1995,2021,Y,
SERC,Conch Reef,24.97667,-80.45000,1995,2021,Y,
SERC,Content Passage,24.80128,-81.48227,1995,2021,Y,
SERC,Cudjoe Key,24.76852,-81.55500,1995,2021,Y,
SERC,Cutoe Key,24.77258,-81.39665,1995,2021,Y,
SERC,Davis Reef,24.92434,-80.50409,1995,2021,Y,
SERC,Dixie Shoal,25.07237,-80.31277,1995,2021,Y,
SERC,E. Harbor Key Channel,24.65978,-81.76343,1995,2021,Y,
SERC,Eastern Dry Rocks,24.45363,-81.84365,1995,2021,Y,
SERC,Eastern Sambo,24.50548,-81.65433,1995,2021,Y,
SERC,Eastern Sambo Offshore,24.49290,-81.65710,1995,2021,Y,
SERC,Elliott Key,25.43082,-80.19552,1995,2021,Y,
SERC,Ellis Rock,24.65333,-82.15833,1995,2021,Y,
SERC,Fish Haven,24.86277,-80.56697,1995,2011,N,
SERC,Fowey Rocks,25.59000,-80.10000,1995,2021,Y,
SERC,Garden Key,24.63465,-82.86679,1995,2011,N,
SERC,Garrison Bight,24.57500,-81.78833,1995,2021,Y,
SERC,Grecian Rocks,25.10730,-80.30640,1997,2021,Y,
SERC,Half Moon Shoal,24.57717,-82.49133,1995,2021,Y,
SERC,Harbor Key Bank,24.84085,-81.43112,1995,2011,N,
SERC,Hidden Harbor Beach,24.71208,-81.10071,2011,2021,Y,
SERC,Hospital Key,24.64167,-82.85500,1995,2011,N,
SERC,Indian Key,25.80483,-81.46250,2011,2021,Y,
SERC,John Sawyer Bank,24.76312,-81.11248,1995,2021,Y,
SERC,Johnson Key Channel,24.73770,-81.59247,1995,2011,N,
SERC,Kemp Channel,24.69430,-81.48820,1995,2011,N,
SERC,Key Colony Beach,24.71318,-81.01115,1995,2021,Y,
SERC,Key West Cut A,24.51762,-81.82110,1995,2011,N,
SERC,Key West NW Channel,24.65083,-81.90467,1995,2021,Y,Duplicate of KW Northwest Channel
SERC,Key West Ocean- Intl airport,24.55229,-81.74941,2011,2021,Y,
SERC,KW Northwest Channel,24.65083,-81.90467,1995,2021,Y,
SERC,Lake Largo Canal,25.08535,-80.43346,2011,2021,Y,
SERC,Little Pine Key,24.70882,-81.30923,1995,2011,N,
SERC,LittleTorch,24.65941,-81.38327,2011,2021,Y,
SERC,Logerhead Inshore,24.63524,-82.93325,1995,2011,N,
SERC,Loggerhead Channel,24.63885,-82.91195,1995,2011,N,
SERC,Loggerhead Marker,24.64965,-82.93878,1995,2011,N,
SERC,Loggerhead Offshore,24.65400,-82.99667,1995,2011,N,
SERC,Long Beach,24.63333,-81.33732,1995,2021,Y,
SERC,Long Key,24.80247,-80.80890,1995,2021,Y,
SERC,Long Key Channel,24.79150,-80.81225,1995,2021,Y,
SERC,Long Key Pass Channel,24.76167,-80.86167,1996,2011,N,
SERC,Long Key Pass Inshore,24.79205,-80.86539,1995,2021,Y,
SERC,Long Key Pass Offshore,24.71318,-80.85812,1995,2021,Y,
SERC,Looe Key,24.54843,-81.39742,1995,2021,Y,
SERC,Looe Key Channel,24.58618,-81.41887,1995,2011,N,
SERC,Lower Harbor Keys,24.64157,-81.73210,1995,2011,N,
SERC,Lower Matecumbe Channel,24.80223,-80.71620,1995,2021,Y,
SERC,Lower Matecumbe Key,24.87123,-80.66865,1995,2021,Y,
SERC,Main Ship Channel,24.45803,-81.81297,1995,2011,N,
SERC,Man of War Harbor,24.58577,-81.80240,1995,2021,Y,
SERC,Marathon - Ocean 100th St,24.72254,-81.04338,2011,2021,Y,
SERC,Margo Fish Shoal,25.42798,-80.18200,1995,2011,N,
SERC,Marquesas Rock,24.45400,-82.22400,1995,2021,Y,
SERC,Marriott Beach side,24.57375,-81.76014,2011,2021,Y,
SERC,Marvin Key Channel,24.69772,-81.68318,1995,2021,Y,
SERC,Maryland Shoal,24.52162,-81.56432,1995,2021,Y,
SERC,Matecumbe Harbor,24.83442,-80.74682,1995,2021,Y,
SERC,Matecumbe Offshore,24.78453,-80.70570,1995,2011,N,
SERC,Middle Ground,24.49413,-81.89167,1995,2021,Y,
SERC,Molasses Reef,25.01609,-80.36763,1995,2021,Y,
SERC,Molasses Reef Channel,25.03082,-80.39527,1995,2021,Y,
SERC,Mosquito Bank,25.06018,-80.42312,1995,2021,Y,
SERC,N Boca Grande Channel,24.62900,-82.07133,1995,2021,Y,
SERC,N DTNP,24.75500,-82.85500,1995,2011,N,
SERC,N Quicksands,24.61667,-82.22333,1995,2011,N,
SERC,N Sluiceway,24.88333,-81.08333,2018,2018,N,
SERC,NE DTNP,24.70600,-82.74567,1995,2011,N,
SERC,New Ground,24.66533,-82.37400,1995,2021,Y,
SERC,Newfound Harbor Keys,24.62550,-81.41662,1995,2021,Y,
SERC,Northwest Channel,24.69060,-82.87444,1995,2011,N,
SERC,Old Rhodes Key,25.36443,-80.21508,1995,2021,Y,
SERC,Old Rhodes Key Channel,25.35918,-80.20052,1995,2011,N,
SERC,Old Rhodes Key Reef,25.32500,-80.16360,1995,2021,Y,
SERC,Pennekamp G27,25.30788,-80.26165,1995,2021,Y,
SERC,Pine Channel,24.69242,-81.39198,1995,2011,N,
SERC,Plantation Point,24.95012,-80.56218,1995,2021,Y,
SERC,Port Elizabeth,25.24620,-80.29918,1995,2021,Y,
SERC,Radabob Key,25.11355,-80.37342,1995,2021,Y,
SERC,Radabob Key Channel,25.11025,-80.36088,1995,2011,N,
SERC,Rattlesnake Key,25.17332,-80.33985,1995,2021,Y,
SERC,Rebecca Shoal,24.59133,-82.58783,1995,2021,Y,
SERC,Red Bay Bank,24.75550,-81.17218,1995,2021,Y,
SERC,S Quicksands,24.53550,-82.36733,1995,2021,Y,
SERC,Saddlebunch Keys,24.58782,-81.57698,1995,2021,Y,
SERC,Sands Key,25.51000,-80.16500,1995,2021,Y,
SERC,Satan Shoal,24.45833,-81.98167,1995,2021,Y,
SERC,SE Marquesas,24.54167,-82.10000,1995,2021,Y,
SERC,Seven Mile Br. Channel,24.64502,-81.16508,1995,2011,N,
SERC,Seven Mile Bridge,24.69193,-81.18245,1995,2021,Y,
SERC,Shark Key,24.61762,-81.65008,1995,2011,N,
SERC,Snipe Keys,24.65752,-81.63265,1995,2021,Y,
SERC,Sombrero Key,24.60693,-81.15442,1995,2021,Y,
SERC,Sombrero Key #2,24.63000,-81.11200,1997,2021,Y,
SERC,Southeast Channel,24.56333,-82.80500,1995,2011,N,
SERC,Spanish Harbor Keys,24.64538,-81.30722,1995,2021,Y,
SERC,Sta 216i,25.20450,-80.24425,1995,1997,N,
SERC,Sta 248i,24.68392,-80.98310,1995,1997,N,
SERC,Sta 249i,24.66560,-80.97762,1995,1997,N,
SERC,Sta 265,24.81667,-81.08333,1995,2011,N,
SERC,Sta 271i,24.49103,-81.65048,1995,1997,N,
SERC,Sta 283,24.90000,-81.00000,1995,2011,N,
SERC,Sta 288,24.88333,-81.08333,1995,2021,Y,
SERC,Sta 323,24.70500,-82.17000,1995,2011,N,
SERC,Sta 326,24.70833,-82.25000,1995,2011,N,
SERC,Sta 329,24.71667,-82.54167,1995,2011,N,
SERC,Sta 329i,24.69667,-82.33667,1995,1995,N,
SERC,Sta 331,24.50683,-82.28767,1995,2011,N,
SERC,Sta 334,24.51217,-82.45033,1995,2011,N,
SERC,Sta 335,24.46083,-82.38317,1995,2021,Y,
SERC,Sta 336,24.65483,-82.64633,1995,2011,N,
SERC,Sta 339,24.42833,-82.51083,1995,2011,N,
SERC,Sta 340,24.48500,-82.65333,1995,2011,N,
SERC,Sta 345,24.37900,-82.70467,1995,2011,N,
SERC,Sta 348i,24.52833,-82.85333,1995,1995,N,
SERC,Sta 350,24.45000,-82.86667,1995,2011,N,
SERC,Sta 351,24.69167,-81.79167,1995,2011,N,
SERC,Sta 352,24.77583,-81.78300,1995,2011,N,
SERC,Sta 353,24.85833,-81.77667,1995,2011,N,
SERC,Sta 354,24.94133,-81.76867,1995,2011,N,
SERC,Sta 355,25.02467,-81.76250,1995,2011,N,
SERC,Sta 356,25.10767,-81.75383,1995,2011,N,
SERC,Sta 357,25.19117,-81.74533,1995,2011,N,
SERC,Sta 358,25.27467,-81.73817,1995,2011,N,
SERC,Sta 359,25.35833,-81.73000,1995,2011,N,
SERC,Sta 360,25.44117,-81.72100,1995,2011,N,
SERC,Sta 361,25.52467,-81.71500,1995,2011,N,
SERC,Sta 362,25.60867,-81.70667,1995,2011,N,
SERC,Sta 363,25.69200,-81.69833,1995,2011,N,
SERC,Sta 364,25.69167,-81.53333,1995,2011,N,
SERC,Sta 365,25.60850,-81.53933,1995,2011,N,
SERC,Sta 366,25.52600,-81.54883,1995,2011,N,
SERC,Sta 367,25.44250,-81.55500,1995,2011,N,
SERC,Sta 368,25.35850,-81.56333,1995,2011,N,
SERC,Sta 369,25.27550,-81.57200,1995,2011,N,
SERC,Sta 370,25.19183,-81.57917,1995,2011,N,
SERC,Sta 371,25.10833,-81.58683,1995,2011,N,
SERC,Sta 372,25.02500,-81.59533,1995,2011,N,
SERC,Sta 373,24.94217,-81.60300,1995,2011,N,
SERC,Sta 374,24.85883,-81.61083,1995,2011,N,
SERC,Sta 375,24.77567,-81.61783,1995,2011,N,
SERC,Sta 376,24.84333,-81.43833,1995,2011,N,
SERC,Sta 377,24.93500,-81.43167,1995,2011,N,
SERC,Sta 378,25.01667,-81.41583,1995,2011,N,
SERC,Sta 379,25.10000,-81.40883,1995,2011,N,
SERC,Sta 380,25.18333,-81.40000,1995,2011,N,
SERC,Sta 381,25.26667,-81.39500,1995,2011,N,
SERC,Sta 382,25.35000,-81.38667,1995,2011,N,
SERC,Sta 383,25.43250,-81.37783,1995,2011,N,
SERC,Sta 384,25.51550,-81.37000,1995,2011,N,
SERC,Sta 385,25.60017,-81.36317,1995,2011,N,
SERC,Sta 386,25.55550,-81.34050,1995,2011,N,
SERC,Sta 387,25.50883,-81.31683,1995,2011,N,
SERC,Sta 388,25.42500,-81.29700,1995,2011,N,
SERC,Sta 389,25.34167,-81.27700,1995,2011,N,
SERC,Sta 390,25.26000,-81.26017,1995,2011,N,
SERC,Sta 391,25.17500,-81.23867,1995,2011,N,
SERC,Sta 392,25.09167,-81.24833,1995,2011,N,
SERC,Sta 393,25.00833,-81.25333,1995,2011,N,
SERC,Sta 394,24.92500,-81.26000,1995,2011,N,
SERC,Sta 395,24.87833,-81.19167,1995,2011,N,
SERC,Sta 396,24.83333,-81.12833,1995,2011,N,
SERC,Sta 397,24.91667,-81.11833,1995,2011,N,
SERC,Sta 398,25.00000,-81.11000,1995,2011,N,
SERC,Sta 399,25.08333,-81.09933,1995,2011,N,
SERC,Tarpon Belly Keys,24.72503,-81.52052,1995,2021,Y,
SERC,Tarpon Creek,24.61105,-81.50527,1995,2021,Y,
SERC,Tavernier Harbor,25.00840,-80.50148,1995,2021,Y,
SERC,Tennessee Reef,24.74362,-80.78423,1995,2021,Y,
SERC,The Elbow,25.14058,-80.25860,1995,2021,Y,
SERC,The Rocks,24.93965,-80.55162,1995,2021,Y,
SERC,Toms Harbor Cut,24.78333,-80.92395,1995,2011,N,
SERC,Toptree Hammock Chan.,24.71220,-81.45157,1995,2011,N,
SERC,Triangles,25.00167,-80.47490,1995,2021,Y,
SERC,Tripod Bank,24.87667,-80.95833,1995,2021,Y,
SERC,Triumph Reef,25.48053,-80.11768,1995,2021,Y,
SERC,Turtle Harbor,25.29452,-80.24542,1995,2021,Y,
SERC,Turtle Reef,25.26312,-80.18773,1995,2021,Y,
SERC,Upper MateCumbe Chnl,24.90185,-80.58238,1995,2011,N,
SERC,Upper Matecumbe Key,24.92703,-80.59852,1995,2021,Y,
SERC,W DTNP,24.66667,-83.08333,1995,2011,N,
SERC,W. Bahia Honda Key,24.79152,-81.28908,1995,2021,Y,
SERC,West Washerwoman,24.55943,-81.55955,1995,2021,Y,
SERC,Western Head,24.49862,-81.81895,1995,2021,Y,
SERC,Western Sambo,24.47538,-81.73742,1995,2021,Y,
SERC,Western Sambo #2,24.48300,-81.70000,1997,2021,Y,
SERC,White Bank,25.15897,-80.29455,1995,2021,Y,
SERC,White Shoal,24.64133,-82.89500,2008,2011,N,
SERC,Alligator Bay,25.67017,-81.16867,1994,2007,N,
SERC,Barnes Sound,25.22173,-80.38832,1989,2008,N,
SERC,Barron River,25.85327,-81.39337,1994,2008,N,
SERC,Big Carlos Pass,26.40035,-81.88395,1999,2008,N,
SERC,Big Lostmans Bay,25.56758,-81.07147,1992,2008,N,
SERC,Big Macro River (Red #24),25.95200,-81.68740,1999,2008,N,
SERC,Black Point,25.54583,-80.29467,1993,2008,N,
SERC,Blackwater River,25.92980,-81.60032,1994,2008,N,
SERC,Blackwater Sound,25.17405,-80.42308,1989,2008,N,
SERC,BNP Marker B,25.67167,-80.20500,1996,2008,N,
SERC,BNP Marker C,25.60167,-80.22083,1993,2008,N,
SERC,Broad River Bay,25.49973,-81.04898,1992,2008,N,
SERC,Broad River Mouth,25.47502,-81.15293,1992,2008,N,
SERC,Butternut Key,25.10175,-80.53140,1990,2008,N,
SERC,Cabbage Island,25.52940,-81.04338,1992,2007,N,
SERC,Capri Pass (Red #4),25.97527,-81.75582,1999,2008,N,
SERC,Captain Key,25.04008,-80.61405,1991,2008,N,
SERC,Card Sound Bridge,25.27355,-80.37458,1991,2008,N,
SERC,Card Sound North,25.35500,-80.29167,1993,2008,N,
SERC,Caxambas Bay (Green #3),25.90000,-81.68333,1999,2008,N,
SERC,Caxambas Pass,25.90600,-81.72760,1999,2008,N,
SERC,Chevalier Bay,25.71250,-81.20700,1994,2008,N,
SERC,Chino Island,26.50813,-82.15157,1999,2008,N,
SERC,Chokoloskee,25.80750,-81.34950,1994,2007,N,
SERC,Convoy Point,25.47833,-80.32083,1993,2008,N,
SERC,Coon Key Pass ,25.90960,-81.63850,1999,2007,N,
SERC,Coot Bay,25.19087,-80.91413,1992,2008,N,
SERC,Dismal Key,25.89447,-81.55887,1994,2008,N,
SERC,Dollar Bay,26.10000,-81.78718,1999,2008,N,
SERC,Duck Key,25.17707,-80.49157,1989,2008,N,
SERC,East Cape,25.08370,-81.08058,1989,2008,N,
SERC,Elliott Key,25.44167,-80.22333,1993,2007,N,
SERC,Estero Bay North,26.41667,-81.88000,1999,2008,N,
SERC,Estero Bay South,26.40732,-81.86485,1999,2008,N,
SERC,Faka Union Pass,25.87417,-81.51600,1994,2008,N,
SERC,Faka Union River,25.90000,-81.51600,1994,2008,N,
SERC,Fakahatchee Bay,25.88950,-81.47650,2002,2008,N,
SERC,Featherbed Bank,25.51583,-80.24000,1993,2008,N,
SERC,Fender Point,25.50500,-80.28750,1993,2008,N,
SERC,First Bay,25.55453,-81.18367,1992,2008,N,
SERC,First National,26.04217,-81.76158,1999,2008,N,
SERC,Fishermans Point,26.50130,-82.01350,1999,2008,N,
SERC,Garfield Bight,25.15048,-80.80922,1991,2008,N,
SERC,Goodland Bridge,25.93467,-81.65325,1999,2008,N,
SERC,Gullivan Bay,25.88197,-81.61785,1994,2008,N,
SERC,Gun Rock Point,25.69167,-81.29867,1994,2008,N,
SERC,Gunboat Island,25.37892,-81.03073,1992,2008,N,
SERC,Hall Bay,26.01553,-81.74300,1999,2008,N,
SERC,Harney River Junction,25.43168,-81.08238,1992,2008,N,
SERC,Harney River Mouth,25.41168,-81.14145,1992,2008,N,
SERC,Henderson Creek,26.02570,-81.73320,2002,2008,N,
SERC,Highway Creek,25.25360,-80.44415,1991,2008,N,
SERC,Huston Bay,25.75300,-81.25550,1994,2008,N,
SERC,Huston River,25.73133,-81.28467,1994,2007,N,
SERC,Indian Key,25.80483,-81.46250,1994,2008,N,
SERC,Indian Key Pass,25.82718,-81.44108,1994,2008,N,
SERC,Joe Bay,25.22447,-80.53658,1991,2008,N,
SERC,Johnson Bay,25.98818,-81.72913,1999,2008,N,
SERC,Johnson Key Basin,25.04247,-80.91482,1989,2008,N,
SERC,Kewaydin Channel,26.06305,-81.77813,1999,2008,N,
SERC,Little Blackwater Sound,25.20668,-80.44040,1991,2008,N,
SERC,Little Madeira Bay,25.17517,-80.62692,1991,2008,N,
SERC,Long Sound,25.22737,-80.46167,1989,2008,N,
SERC,Lopez Bay,25.78417,-81.33217,1994,2008,N,
SERC,Lopez River,25.78550,-81.30917,1994,2008,N,
SERC,Lostmans Five Bay,25.63333,-81.14500,1994,2008,N,
SERC,Manatee Bay,25.25103,-80.41517,1991,2008,N,
SERC,Marker G-1B,25.56917,-80.19250,1993,2008,N,
SERC,Marker G-71,25.73667,-80.18500,1996,2008,N,
SERC,Matheson Beach,25.68833,-80.23333,1996,2008,N,
SERC,Midbay North,25.56417,-80.23500,1993,2007,N,
SERC,Midbay South,25.47250,-80.23333,1993,2007,N,
SERC,Middle Broad River,25.48605,-81.11115,1992,2008,N,
SERC,Middle Chatham River,25.70783,-81.25217,1994,2008,N,
SERC,Middle Key,25.28503,-80.39503,1991,2008,N,
SERC,Midway Keys,25.28503,-80.97580,1992,2007,N,
SERC,Murray Key,25.11827,-80.93965,1989,2008,N,
SERC,Near Black Ledge,25.57333,-80.28667,1993,2007,N,
SERC,North I-195 Basin,25.81667,-80.16667,1996,2007,N,
SERC,North Marker 36,25.32600,-81.01455,1992,2008,N,
SERC,North Normandy Isle,25.86667,-80.15000,1996,2008,N,
SERC,North River Mouth,25.30090,-80.96033,1992,2007,N,
SERC,North Venetian Basin,25.80000,-80.16667,1996,2008,N,
SERC,Old Dan Bank,24.86720,-80.80715,1989,2008,N,
SERC,Oleta River Park,25.90500,-80.13333,1996,2008,N,
SERC,Outer Clam Pass,26.37845,-81.85938,1999,2008,N,
SERC,Outer Gordon Pass,26.09112,-81.81057,1999,2008,N,
SERC,Oxfoot Bank,24.98073,-81.00163,1989,2008,N,
SERC,Oyster Bay,25.33115,-81.07267,1992,2008,N,
SERC,Panther Key,25.84933,-81.54217,1994,2007,N,
SERC,Park Key,25.11797,-80.59972,1989,2008,N,
SERC,Pelican Bank,25.44500,-80.28333,1993,2008,N,
SERC,Peterson Keys,24.92950,-80.75047,1989,2008,N,
SERC,Pine Island Sound,26.56030,-82.16610,1999,2008,N,
SERC,Point Ybel (Red #8),26.46237,-82.00658,1999,2008,N,
SERC,Ponce De Leon Bay,25.34972,-81.12457,1992,2008,N,
SERC,Porpoise Lake,25.00660,-80.68127,1989,2008,N,
SERC,Rabbit Key Basin,25.00242,-80.90010,1989,2008,N,
SERC,Rabbit Key Pass,25.77000,-81.38333,1994,2008,N,
SERC,Rankin Lake,25.12138,-80.80288,1989,2008,N,
SERC,Reckems Point,26.53430,-82.05758,1999,2008,N,
SERC,Roberts River Mouth,25.27965,-80.93077,1992,2008,N,
SERC,Rookery Bay,26.02940,-81.74873,1999,2008,N,
SERC,Rt.951 Bridge,25.96220,-81.70795,1999,2008,N,
SERC,Rubicon Keys,25.40000,-80.25500,1993,2007,N,
SERC,San Carlos Bay,26.46925,-82.04573,1999,2008,N,
SERC,Sands Cut,25.48833,-80.18833,1993,2008,N,
SERC,Shell Key,25.91117,-81.61533,1994,2008,N,
SERC,Shell Point,26.52302,-82.00525,1999,2008,N,
SERC,Shoal Point,25.63000,-80.25000,1996,2008,N,
SERC,South Card Sound,25.31667,-80.31667,1996,2008,N,
SERC,South Dodge Island,25.76333,-80.17167,1996,2008,N,
SERC,Southeast Marker 12,25.22840,-80.93300,1992,2008,N,
SERC,Sprigger Bank,24.91860,-80.93487,1989,2008,N,
SERC,Sta 351,24.69167,-81.79167,1995,2007,N,
SERC,Sta 352,24.77583,-81.78300,1995,2007,N,
SERC,Sta 353,24.85833,-81.77667,1995,2007,N,
SERC,Sta 354,24.94133,-81.76867,1995,2007,N,
SERC,Sta 355,25.02467,-81.76250,1995,2007,N,
SERC,Sta 356,25.10767,-81.75383,1995,2007,N,
SERC,Sta 357,25.19117,-81.74533,1995,2007,N,
SERC,Sta 358,25.27467,-81.73817,1995,2007,N,
SERC,Sta 359,25.35833,-81.73000,1995,2007,N,
SERC,Sta 360,25.44117,-81.72100,1995,2007,N,
SERC,Sta 361,25.52467,-81.71500,1995,2007,N,
SERC,Sta 362,25.60867,-81.70667,1995,2007,N,
SERC,Sta 363,25.69200,-81.69833,1995,2007,N,
SERC,Sta 364,25.69167,-81.53333,1995,2007,N,
SERC,Sta 365,25.60850,-81.53933,1995,2007,N,
SERC,Sta 366,25.52600,-81.54883,1995,2007,N,
SERC,Sta 367,25.44250,-81.55500,1995,2007,N,
SERC,Sta 368,25.35850,-81.56333,1995,2007,N,
SERC,Sta 369,25.27550,-81.57200,1995,2007,N,
SERC,Sta 370,25.19183,-81.57917,1995,2007,N,
SERC,Sta 371,25.10833,-81.58683,1995,2007,N,
SERC,Sta 372,25.02500,-81.59533,1995,2007,N,
SERC,Sta 373,24.94217,-81.60300,1995,2007,N,
SERC,Sta 374,24.85883,-81.61083,1995,2007,N,
SERC,Sta 375,24.77567,-81.61783,1995,2007,N,
SERC,Sta 376,24.84333,-81.43833,1995,2007,N,
SERC,Sta 377,24.93500,-81.43167,1995,2007,N,
SERC,Sta 378,25.01667,-81.41583,1995,2007,N,
SERC,Sta 379,25.10000,-81.40883,1995,2007,N,
SERC,Sta 380,25.18333,-81.40000,1995,2007,N,
SERC,Sta 381,25.26667,-81.39500,1995,2007,N,
SERC,Sta 382,25.35000,-81.38667,1995,2007,N,
SERC,Sta 383,25.43250,-81.37783,1995,2007,N,
SERC,Sta 384,25.51550,-81.37000,1995,2007,N,
SERC,Sta 385,25.60017,-81.36317,1995,2007,N,
SERC,Sta 386,25.55550,-81.34050,1995,2007,N,
SERC,Sta 387,25.50883,-81.31683,1995,2007,N,
SERC,Sta 388,25.42500,-81.29700,1995,2007,N,
SERC,Sta 389,25.34167,-81.27700,1995,2007,N,
SERC,Sta 390,25.26000,-81.26017,1995,2007,N,
SERC,Sta 391,25.17500,-81.23867,1995,2007,N,
SERC,Sta 392,25.09167,-81.24833,1995,2007,N,
SERC,Sta 393,25.00833,-81.25333,1995,2007,N,
SERC,Sta 394,24.92500,-81.26000,1995,2007,N,
SERC,Sta 395,24.87833,-81.19167,1995,2007,N,
SERC,Sta 396,24.83333,-81.12833,1995,2007,N,
SERC,Sta 397,24.91667,-81.11833,1995,2007,N,
SERC,Sta 398,25.00000,-81.11000,1995,2007,N,
SERC,Sta 399,25.08333,-81.09933,1995,2007,N,
SERC,Sunday Bay,25.79600,-81.28000,1994,2008,N,
SERC,Tarpon Bay,25.41728,-80.99843,1992,2008,N,
SERC,Terrapin Bay,25.14037,-80.71612,1991,2008,N,
SERC,Third Bay,25.58017,-81.12093,1992,2008,N,
SERC,Twin Key Basin,24.97767,-80.75352,1989,2008,N,
SERC,Upper Chatham River,25.71750,-81.23050,1994,2007,N,
SERC,Useppa Island,26.63470,-82.20543,1999,2008,N,
SERC,Watson River Chickee,25.33187,-80.98370,1992,2008,N,
SERC,West Arsenicker,25.42017,-80.31083,1993,2008,N,
SERC,West Marker 18,25.24080,-80.95793,1992,2008,N,
SERC,West Marker 34,25.28613,-81.02365,1992,2008,N,
SERC,West Pass,25.83033,-81.50283,1994,2008,N,
SERC,Whipray Basin,25.09142,-80.75478,1989,2008,N,
SERC,White Horse Key,25.86678,-81.57482,1994,2008,N,
SERC,Wiggins Pass,26.29167,-81.82000,1999,2008,N,
BC,#1 HILLSBORO CANAL US 1,26.32555,-80.09015,2006,2021,Y,
BC,#2 HILLSBORO LOCK,26.32770,-80.13158,2006,2021,Y,
BC,#3 HILLSBORO CANAL US 441,26.32783,-80.20302,2006,2021,Y,
BC,#4 HILLSBORO CANAL SE GROWERS,26.35132,-80.28333,2006,2021,Y,
BC,#5 POMPANO CANAL US1,26.22162,-80.10303,2006,2021,Y,
BC,#6 CYPRESS CREEK DIXIE HWY,26.20620,-80.13263,2006,2021,Y,
BC,#7 CYPRESS CREEK S. PALM AIRE,26.21857,-80.17055,2006,2021,Y,
BC,#8 POMPANO CANAL US 441,26.23050,-80.20485,2006,2021,Y,
BC,#10 MIDDLE RIVER E SUNRISE,26.13687,-80.11832,2006,2021,Y,
BC,#11 MIDDLE RIVER NW 21ST AVE,26.17330,-80.17093,2006,2021,Y,
BC,#12 MIDDLE RIVER NW 31ST AVE,26.17312,-80.18698,2006,2021,Y,
BC,#14 MIDDLE RIVER UNIVERS. DRV,26.16428,-80.25662,2006,2021,Y,
BC,#15 NEW RIVER ANDREWS AVE,26.11830,-80.14363,2006,2021,Y,
BC,#16 NORTH FORK BROWARD BLVD,26.12168,-80.16306,2006,2021,Y,
BC,#17 PLANTATION CANAL @ S-33,26.13588,-80.19450,2019,2021,Y,
BC,#19 NEW RIVER RIVER REACH,26.10898,-80.15908,2006,2021,Y,
BC,#20 N NEW RIV BRADFORD MARINA,26.08717,-80.18547,2006,2021,Y,
BC,#21 N NEW RIVER SEWELL LOCKS,26.09499,-80.22959,2006,2012,N,
BC,#22 N NEW RIVER SW 125 AVE,26.11607,-80.31660,2006,2021,Y,
BC,#23 N NEW RIVER E OF US 27,26.14931,-80.44208,2006,2021,Y,
BC,#24 DANIA CUT-OFF US-1,26.05950,-80.14398,2006,2021,Y,
BC,#25 HOLLYWOOD CANAL STIRLING,26.04815,-80.15513,2006,2021,Y,
BC,#26 DANIA CUT-OFF RAVENSWOOD,26.06812,-80.16860,2006,2021,Y,
BC,#28 S NEW RIVER CANAL FLAMINGO,26.06385,-80.31325,2006,2021,Y,
BC,#29 S NEW RIVER CANAL US 27,26.06153,-80.43357,2006,2021,Y,
BC,#31 SNAKE CRK CANAL FLAMINGO,25.96420,-80.31062,2006,2021,Y,
BC,#32 SNAKE CRK CANAL US 27,25.95677,-80.43062,2006,2021,Y,
BC,#33 ICW SOUTH OF HILLSBORO BRG,26.31338,-80.08060,2006,2021,Y,
BC,#34 ICW NORTH OF MARKER 71,26.26352,-80.08240,2006,2021,Y,
BC,#35 ICW NE 14TH ST POMPANO,26.25110,-80.08962,2006,2021,Y,
BC,#36 ICW COMMERCIAL BLVD,26.19035,-80.10250,2006,2021,Y,
BC,#37 ICW SUNRISE BLVD,26.13877,-80.10807,2006,2021,Y,
BC,#38 ICW 17TH ST CAUSEWAY,26.10265,-80.11868,2006,2021,Y,
BC,#39 ICW MARKER 35,26.06550,-80.11408,2006,2021,Y,
BC,#40 ICW SHERIDAN ST,26.03485,-80.11713,2006,2021,Y,
BC,#41 ICW HALLANDALE BCH BLVD,25.98717,-80.12145,2006,2021,Y,
BC,#49 HENDRICKS ISLE,26.11967,-80.12471,2006,2012,N,
BC,#64 NORTH FORK AT SISTRUNK,26.12837,-80.17503,2006,2021,Y,
BC,#89 NOB HILL RD POMPANO CANAL,26.22965,-80.28195,2006,2021,Y,
BC,#90 FPL CANAL SOUTH F NEW RIV,26.08537,-80.18406,2006,2015,N,
BC,#110 POMPANO CANAL AT DIXIE AN,26.23132,-80.12687,2006,2021,Y,
BC,#111 S. FORK MID R. @ N.E. 15,26.23132,-80.12687,2006,2021,Y,
BC,#112 N. FORK MID R. @ N.E. 16,26.16392,-80.12632,2006,2021,Y,
BC,#114 SHERIDAN E OF US 27,26.02911,-80.41139,2006,2009,N,
BC,#120 HILLSBORO CANAL W OF DIXIE HWY,26.32458,-80.09900,2013,2021,Y,
BC,#121 PLANTATION CANAL @ US 441,26.13533,-80.20200,2013,2021,Y,
BC,#122 N NEW RIVER CANAL @ UNIVERSITY DR,26.09983,-80.25017,2013,2021,Y,
BC,#123 N NEW RIVER CANAL @ SECRET WOODS,26.09062,-80.17882,2013,2021,Y,
BC,#124 S NEW RIVER CANAL @ FL TPK,26.06565,-80.21588,2013,2021,Y,
BC,#125 Las Olas Canal @ NE 21 Ave,26.12890,-80.11855,2013,2021,Y,
BC,#126 POMPANO CANAL @ AVONDALE PARK,26.22780,-80.13570,2013,2021,Y,
BC,#127 CYPRESS CREEK POMPANO CANAL JUNCTION,26.22241,-80.10643,2014,2015,N,
BC,#128 SW 30th Ave North of Griffin Road,26.06768,-80.18218,2019,2021,Y,
BC,#129 Taft Street,26.02595,-80.16338,2019,2021,Y,
,,,,,,,
,,,,,,,
,,,,,,,
,,,,,,,
,,,,,,,
,,,,,,,
,,,,,,,
,,,,,,,
,,,,,,,
,,,,,,,
,,,,,,,
,,,,,,,
,,,,,,,
,,,,,,,
,,,,,,,
,,,,,,,
,,,,,,,
,,,,,,,
,,,,,,,
,,,,,,,